"Reference","Qty","Value","DNP","Exclude from BOM","Exclude from Board","Footprint","Datasheet"
"BT1","1","type=""R"" model=""Battery_Cell"" lib=""""","","","","Maxime:BAT-TH_CR2032-BS-6-1","~"
"C2","1","470nF","","","","PCM_JLCPCB:C_0402","https://www.lcsc.com/datasheet/lcsc_datasheet_2304140030_Samsung-Electro-Mechanics-CL05A474KP5NNNC_C47339.pdf"
"C3,C14,C16,C17","4","1uF","","","","PCM_JLCPCB:C_0402","https://www.lcsc.com/datasheet/lcsc_datasheet_2304140030_Samsung-Electro-Mechanics-CL05A105KA5NQNC_C52923.pdf"
"C4","1","2.2uF","","","","PCM_JLCPCB:C_0402","https://www.lcsc.com/datasheet/lcsc_datasheet_2304140030_Samsung-Electro-Mechanics-CL05A225MQ5NSNC_C12530.pdf"
"C5","1","4.7uF","","","","PCM_JLCPCB:C_0402","https://www.lcsc.com/datasheet/lcsc_datasheet_2304140030_Samsung-Electro-Mechanics-CL05A475MP5NRNC_C23733.pdf"
"C6,C8,C18","3","10uF","","","","PCM_JLCPCB:C_0402","https://www.lcsc.com/datasheet/lcsc_datasheet_2208231630_Samsung-Electro-Mechanics-CL05A106MQ5NUNC_C15525.pdf"
"C9,C10,C11,C12,C15,C19,C20","7","100nF","","","","PCM_JLCPCB:C_0402","https://www.lcsc.com/datasheet/lcsc_datasheet_2304140030_Samsung-Electro-Mechanics-CL05B104KO5NNNC_C1525.pdf"
"C13","1","10nF","","","","PCM_JLCPCB:C_0402","https://www.lcsc.com/datasheet/lcsc_datasheet_2304140030_Samsung-Electro-Mechanics-CL05B103KB5NNNC_C15195.pdf"
"D1","1","1N4148W","","","","Maxime:SOD-123_L2.8-W1.8-LS3.7-RD",""
"D2","1","19-237/R6GHBHC-A01/2T","","","","Maxime:LED-SMD_4P-L1.6-W1.6-19-237A-BHR6GHC-A01-2T",""
"D3,D4,D5","3","1N4148WS","","","","PCM_JLCPCB:D_SOD-323","https://www.lcsc.com/datasheet/lcsc_datasheet_1810101110_Jiangsu-Changjing-Electronics-Technology-Co---Ltd--1N4148WS_C2128.pdf"
"H1,H2,H3,H4,H5,H6","6","MountingHole","","Excluded from BOM","","MountingHole:MountingHole_2.2mm_M2","~"
"J1","1","Oscilloscope Jack","","","","Maxime:AUDIO-SMD_PJ-320B",""
"J2","1","Axon Output","","","","Maxime:AUDIO-SMD_PJ-320B",""
"J3","1","Syn1 Input","","","","Maxime:AUDIO-SMD_PJ-320B",""
"J4","1","Syn2 Input","","","","Maxime:AUDIO-SMD_PJ-320B",""
"J5","1","Syn3 Input","","","","Maxime:AUDIO-SMD_PJ-320B",""
"J6","1","Syn4 Input","","","","Maxime:AUDIO-SMD_PJ-320B",""
"Q1,Q2,Q3,Q6,Q7,Q16,Q17,Q18,Q19,Q20","10","N_MOSFET","","","","Package_TO_SOT_SMD:SOT-23",""
"Q4,Q5","2","P_MOSFET","","","","Package_TO_SOT_SMD:SOT-23",""
"Q8","1","SI3552DV-T1-E3","","","","Maxime:TSOP-6_L3.0-W1.5-P0.95-BL",""
"Q9,Q10,Q11,Q12","4","SI1926DL-T1-E3","","","","Maxime:SOT-363-6_L2.0-W1.3-P0.65-LS2.1-BL",""
"Q13,Q14","2","MMBT2222A","","","","PCM_JLCPCB:Q_SOT-23","https://wmsc.lcsc.com/wmsc/upload/file/pdf/v2/lcsc/2312221203_hongjiacheng-MMBT2222A_C7420351.pdf"
"Q15","1","MMBT3904","","","","Package_TO_SOT_SMD:SOT-23","https://www.onsemi.com/pdf/datasheet/pzt3904-d.pdf"
"R1","1","6.8kΩ","","","","PCM_JLCPCB:R_0402","https://www.lcsc.com/datasheet/lcsc_datasheet_2206010045_UNI-ROYAL-Uniroyal-Elec-0402WGF6801TCE_C25917.pdf"
"R2,R3","2","1kΩ","","","","PCM_JLCPCB:R_0402","https://www.lcsc.com/datasheet/lcsc_datasheet_2206010216_UNI-ROYAL-Uniroyal-Elec-0402WGF1001TCE_C11702.pdf"
"R4","1","2kΩ","","","","PCM_JLCPCB:R_0402","https://www.lcsc.com/datasheet/lcsc_datasheet_2206010230_UNI-ROYAL-Uniroyal-Elec-0402WGF2001TCE_C4109.pdf"
"R5,R7,R56,R57,R58","5","220kΩ","","","","PCM_JLCPCB:R_0402","https://www.lcsc.com/datasheet/lcsc_datasheet_2206010100_UNI-ROYAL-Uniroyal-Elec-0402WGF2203TCE_C25767.pdf"
"R6,R34,R35","3","47kΩ","","","","PCM_JLCPCB:R_0402","https://www.lcsc.com/datasheet/lcsc_datasheet_2206010100_UNI-ROYAL-Uniroyal-Elec-0402WGF4702TCE_C25792.pdf"
"R8,R60,R62,R63","4","10kΩ","","","","PCM_JLCPCB:R_0402","https://www.lcsc.com/datasheet/lcsc_datasheet_2411221126_UNI-ROYAL-Uniroyal-Elec-0402WGF1002TCE_C25744.pdf"
"R9,R15,R18,R22,R23,R31,R32,R33,R36","9","22kΩ","","","","PCM_JLCPCB:R_0402","https://www.lcsc.com/datasheet/lcsc_datasheet_2206010100_UNI-ROYAL-Uniroyal-Elec-0402WGF2202TCE_C25768.pdf"
"R10,R12,R14,R19,R21,R24,R28,R29,R30,R40,R44,R48,R52,R59,R65,R66,R68,R70,R72,R76,R79,R80,R83,R86,R89,R92","26","100kΩ","","","","PCM_JLCPCB:R_0402","https://www.lcsc.com/datasheet/lcsc_datasheet_2206010100_UNI-ROYAL-Uniroyal-Elec-0402WGF1003TCE_C25741.pdf"
"R11,R13,R67,R69,R71,R73,R74,R75,R77,R78,R81,R84,R87,R90,R93","15","1MΩ","","","","PCM_JLCPCB:R_0402","https://www.lcsc.com/datasheet/lcsc_datasheet_2206010030_UNI-ROYAL-Uniroyal-Elec-0402WGF1004TCE_C26083.pdf"
"R16","1","1Ω","","","","PCM_JLCPCB:R_0402","https://www.lcsc.com/datasheet/lcsc_datasheet_2205311900_UNI-ROYAL-Uniroyal-Elec-0402WGF100KTCE_C25086.pdf"
"R17","1","27kΩ","","","","PCM_JLCPCB:R_0402","https://www.lcsc.com/datasheet/lcsc_datasheet_2206010100_UNI-ROYAL-Uniroyal-Elec-0402WGF2702TCE_C25771.pdf"
"R20,R55","2","4.7kΩ","","","","PCM_JLCPCB:R_0402","https://www.lcsc.com/datasheet/lcsc_datasheet_2206010045_UNI-ROYAL-Uniroyal-Elec-0402WGF4701TCE_C25900.pdf"
"R25,R26,R27,R39,R41,R42,R43,R45,R46,R47,R49,R50,R51,R53,R54","15","100Ω","","","","PCM_JLCPCB:R_0402","https://www.lcsc.com/datasheet/lcsc_datasheet_2205311900_UNI-ROYAL-Uniroyal-Elec-0402WGF1000TCE_C25076.pdf"
"R37,R38","2","2.4kΩ","","","","PCM_JLCPCB:R_0402","https://www.lcsc.com/datasheet/lcsc_datasheet_2206010045_UNI-ROYAL-Uniroyal-Elec-0402WGF2401TCE_C25882.pdf"
"R61","1","300kΩ","","","","PCM_JLCPCB:R_0402","https://www.lcsc.com/datasheet/lcsc_datasheet_2206010100_UNI-ROYAL-Uniroyal-Elec-0402WGF3003TCE_C25774.pdf"
"R64","1","220Ω","","","","PCM_JLCPCB:R_0402","https://www.lcsc.com/datasheet/lcsc_datasheet_2205311900_UNI-ROYAL-Uniroyal-Elec-0402WGF2200TCE_C25091.pdf"
"R82,R85,R88,R91,R94","5","10Ω","","","","PCM_JLCPCB:R_0402","https://www.lcsc.com/datasheet/lcsc_datasheet_2411221126_UNI-ROYAL-Uniroyal-Elec-0402WGF100JTCE_C25077.pdf"
"RV1,RV5,RV6,RV7,RV8","5","100kΩ","","","","Maxime:RES-ADJ-SMD_G43BT",""
"RV2,RV3,RV9","3","50kΩ","","","","Maxime:RES-ADJ-SMD_G43BT",""
"RV4","1","10kΩ","","","","Maxime:RES-ADJ-SMD_G43BT",""
"SW1","1","SW_SPDT","","","","Maxime:SW-SMD_SSAJ120100","~"
"U1,U2,U3","3","MCP6004T-I/ST","","","","Maxime:TSSOP-14_L5.0-W4.4-P0.65-LS6.4-BL",""
"U4,U5,U6","3","LM339","","","","Maxime:TSSOP-14_L5.0-W4.4-P0.65-LS6.4-BL","https://www.st.com/resource/en/datasheet/lm139.pdf"
