Designator,Mid X,Mid Y,Rotation,Layer
BT1,233.397767,-32.528299,0.0,bottom
C1,84.74,-126.824888,270.0,top
C10,119.18,-38.205113,90.0,top
C100,187.55,-114.24,270.0,top
C101,173.582465,-109.166542,270.0,top
C102,76.92,-130.38,90.0,top
C103,77.31,-111.570226,90.0,top
C104,192.020198,-130.35089,90.0,top
C105,192.012467,-112.985113,90.0,top
C106,85.5,-113.25,180.0,top
C107,85.5,-107.23,0.0,top
C108,105.5,-107.21,0.0,top
C109,105.5,-113.31,0.0,top
C11,114.87,-37.49,90.0,top
C110,124.990005,-107.25,180.0,top
C111,124.990005,-113.3,0.0,top
C112,144.44,-107.26,180.0,top
C113,144.45,-113.29,0.0,top
C114,30.535,-97.52,0.0,top
C115,45.64,-79.88,0.0,top
C116,82.99,-79.875,0.0,top
C117,120.27,-79.77,0.0,top
C118,157.97,-79.72,0.0,top
C119,195.31,-79.72,0.0,top
C12,214.278976,-6.316706,90.0,top
C120,232.4,-79.75,0.0,top
C121,247.245,-97.59,0.0,top
C122,25.405,-110.22,180.0,top
C123,40.52,-92.58,0.0,top
C124,77.87,-92.585,0.0,top
C125,115.14,-92.48,0.0,top
C126,152.85,-92.42,180.0,top
C127,190.19,-92.42,0.0,top
C128,227.28,-92.45,0.0,top
C129,242.125,-110.3,0.0,top
C13,126.720983,-129.501528,90.0,top
C130,11.575,-102.0,90.0,top
C131,26.71,-84.318181,90.0,top
C132,64.05,-84.345,90.0,top
C133,101.32,-84.25,90.0,top
C134,139.02,-84.19,90.0,top
C135,176.36,-84.19,90.0,top
C136,213.59,-84.216276,90.0,top
C137,228.305,-102.06,90.0,top
C138,11.731958,-119.21,90.0,top
C139,24.2525,-119.255509,90.0,top
C14,151.853867,-79.77,180.0,top
C140,36.7925,-119.254026,90.0,top
C141,49.3125,-119.2825,90.0,top
C142,206.65,-119.08,90.0,top
C143,219.039407,-119.083295,90.0,top
C144,231.5525,-119.349613,90.0,top
C145,244.07,-119.35,90.0,top
C146,2.97,-124.5,90.0,top
C147,15.39,-124.56,90.0,top
C148,28.04,-124.53,90.0,top
C149,40.56,-124.56,90.0,top
C15,157.99,-93.69,180.0,top
C150,198.31,-124.4,90.0,top
C151,210.71,-124.39,90.0,top
C152,223.21,-124.66,90.0,top
C153,235.87,-124.650982,90.0,top
C154,24.4,-97.57,180.0,top
C155,14.56,-113.48,270.0,top
C156,12.265113,-93.32,180.0,top
C157,35.56,-109.25,180.0,top
C158,29.575113,-68.32,180.0,top
C159,31.9,-93.84,0.0,top
C16,173.841701,-11.714747,180.0,top
C160,39.52,-79.92,180.0,top
C161,35.805113,-98.25,180.0,top
C162,77.5,-75.3,0.0,top
C163,69.25,-93.86,0.0,top
C164,76.88,-79.92,180.0,top
C165,68.0,-98.35,180.0,top
C166,220.59,-68.33,180.0,top
C167,218.66,-93.8,0.0,top
C168,226.28,-79.8,180.0,top
C169,236.78,-92.95,180.0,top
C17,135.19,-38.49,90.0,top
C170,109.35,-75.39,180.0,top
C171,106.54,-93.77,0.0,top
C172,114.14,-79.83,180.0,top
C173,120.36,-93.74,180.0,top
C174,242.464888,-92.95,0.0,top
C175,233.52,-111.5,0.0,top
C176,241.13,-97.64,180.0,top
C177,246.84,-113.62,180.0,top
C18,132.65,-38.484672,270.0,top
C19,223.511701,-27.265934,90.0,top
C2,83.835677,-122.51,0.0,top
C20,130.118183,-38.481817,270.0,top
C21,173.841701,-18.958299,0.0,top
C22,207.34,-45.742136,90.0,top
C23,195.29,-93.52,0.0,top
C24,181.58,-93.73,0.0,top
C25,127.57,-38.474222,270.0,top
C26,212.673993,-14.978299,180.0,top
C27,203.604732,-6.208299,90.0,top
C28,165.32,-126.984888,270.0,top
C29,166.169999,-122.51,180.0,top
C3,156.82,-74.02,0.0,top
C30,189.193741,-79.77,180.0,top
C31,172.45,-96.7,90.0,top
C32,180.891701,-31.220018,0.0,top
C33,171.811701,-31.220018,0.0,top
C34,166.170049,-119.36,180.0,top
C35,182.131701,-37.186048,180.0,top
C36,172.551701,-38.705178,180.0,top
C37,145.064888,-15.91,0.0,top
C38,163.67,-115.06,90.0,top
C39,140.639999,-13.73,90.0,top
C4,113.409432,-129.499864,90.0,top
C40,189.678088,-33.470046,180.0,top
C41,194.308088,-30.967573,270.0,top
C42,194.29,-50.814554,90.0,top
C43,161.419432,-14.498299,0.0,top
C44,194.298088,-38.508405,90.0,top
C45,162.66138,-18.968299,180.0,top
C46,162.741701,-31.218299,0.0,top
C47,207.327011,-38.509493,90.0,top
C48,163.976814,-37.186048,180.0,top
C49,211.983209,-36.009493,0.0,top
C5,144.23,-93.73,0.0,top
C50,88.55,-53.87,270.0,top
C51,84.24,-54.95,270.0,top
C52,11.52,-37.233288,180.0,top
C53,11.52,-44.288288,0.0,top
C54,11.524,-51.363288,0.0,top
C55,11.48,-58.418288,0.0,top
C56,149.139176,-37.205,0.0,top
C57,149.129176,-44.275,0.0,top
C58,149.139176,-51.35,0.0,top
C59,149.239176,-58.42,0.0,top
C6,234.12755,-13.969799,0.0,top
C60,234.520402,-50.368145,180.0,top
C61,239.501701,-52.868794,90.0,top
C62,66.38,-142.71,180.0,top
C63,97.64,-142.71,180.0,top
C64,3.89,-142.71,180.0,top
C65,35.14,-142.86,180.0,top
C66,191.39,-142.71,180.0,top
C67,128.88,-142.71,180.0,top
C68,160.14,-142.71,180.0,top
C69,222.63,-142.71,180.0,top
C7,83.835677,-119.36,0.0,top
C70,100.328449,-120.188458,90.0,top
C71,100.338449,-130.348458,90.0,top
C72,149.67,-120.630142,90.0,top
C73,149.67,-130.801979,90.0,top
C74,149.67,-135.87,90.0,top
C75,100.328449,-125.25963,90.0,top
C76,100.328449,-135.428458,90.0,top
C77,149.67,-125.702996,90.0,top
C78,77.27,-122.795113,90.0,top
C79,77.330554,-105.315113,90.0,top
C8,234.882605,-8.058299,180.0,top
C80,192.02,-122.758377,90.0,top
C81,192.012465,-105.436542,90.0,top
C82,72.82,-121.55,90.0,top
C83,72.86,-104.03,90.0,top
C84,187.553702,-121.515777,90.0,top
C85,187.55,-104.16,90.0,top
C86,87.20822,-98.61,180.0,top
C87,106.72,-98.58,180.0,top
C88,126.2,-98.6,180.0,top
C89,145.66,-98.61,180.0,top
C9,77.52,-117.2,90.0,top
C90,87.95822,-102.95,180.0,top
C91,107.45,-102.87,180.0,top
C92,126.945113,-102.91,180.0,top
C93,146.4,-102.92,180.0,top
C94,72.46,-131.63,270.0,top
C95,58.48,-126.547016,270.0,top
C96,72.86,-114.11,270.0,top
C97,58.902586,-109.025682,270.0,top
C98,187.553702,-131.605777,270.0,top
C99,173.57955,-126.51955,270.0,top
D1,186.171701,-12.148144,270.0,top
D10,35.05,-54.85892,0.0,top
D11,162.18,-58.445,0.0,top
D12,174.02,-58.48,0.0,top
D13,8.2,-149.27,90.0,top
D14,5.55,-149.27,270.0,top
D15,39.44,-149.27,90.0,top
D16,36.79,-149.27,270.0,top
D17,70.68,-149.27,90.0,top
D18,68.03,-149.27,270.0,top
D19,101.94,-149.27,90.0,top
D2,171.271701,-3.784659,180.0,top
D20,99.29,-149.27,270.0,top
D21,133.19,-149.27,90.0,top
D22,130.54,-149.27,270.0,top
D23,164.44296,-149.27,90.0,top
D24,161.79,-149.27,270.0,top
D25,195.69,-149.27,90.0,top
D26,193.04,-149.27,270.0,top
D27,226.937004,-149.27,90.0,top
D28,224.286,-149.27,270.0,top
D29,5.929066,-116.9,90.0,top
D3,223.611701,-18.79692,180.0,top
D30,18.4525,-116.944203,90.0,top
D31,30.9825,-116.944026,90.0,top
D32,43.507709,-116.9725,90.0,top
D33,200.86,-116.77,90.0,top
D34,213.239407,-116.7725,90.0,top
D35,225.7525,-117.042345,90.0,top
D36,238.263783,-117.04,90.0,top
D37,29.96,-149.27,270.0,top
D38,27.3,-149.27,90.0,top
D39,61.21,-149.27,270.0,top
D4,203.604732,-21.327823,270.0,top
D40,58.56,-149.27,90.0,top
D41,92.45,-149.27,270.0,top
D42,89.8,-149.263846,90.0,top
D43,123.71501,-149.269723,270.0,top
D44,121.05501,-149.27,90.0,top
D45,154.95,-149.26,270.0,top
D46,152.3,-149.26,90.0,top
D47,186.21,-149.27,270.0,top
D48,183.56,-149.27,90.0,top
D49,217.463057,-149.29,270.0,top
D5,23.2,-44.83392,0.0,top
D50,214.81,-149.29,90.0,top
D51,248.7,-149.27,270.0,top
D52,246.05,-149.271039,90.0,top
D53,23.846866,-147.6,90.0,top
D54,55.110815,-147.6,90.0,top
D55,86.35,-147.6,90.0,top
D56,117.6,-147.6,90.0,top
D57,148.85,-147.59,90.0,top
D58,180.11,-147.6,90.0,top
D59,211.355734,-147.615734,90.0,top
D6,35.05,-44.82392,0.0,top
D60,242.603034,-147.6,90.0,top
D7,162.165,-48.43,0.0,top
D8,174.025,-48.435,0.0,top
D9,23.22,-54.89392,0.0,top
F1,244.144551,-15.651149,0.0,top
F2,193.491701,-4.376543,180.0,top
FB1,180.861701,-25.178299,0.0,top
FB2,171.781701,-25.176098,180.0,top
FB3,162.70024,-25.178299,0.0,top
FB4,226.241701,-35.378145,180.0,top
J1,15.625,-155.5,180.0,top
J10,142.7,-6.04,0.0,top
J11,244.521701,-42.878145,90.0,top
J2,140.625,-155.5,180.0,top
J3,131.39,-21.952686,0.0,top
J4,46.875,-155.5,180.0,top
J5,171.875,-155.5,180.0,top
J6,78.125,-155.5,180.0,top
J7,203.125,-155.5,180.0,top
J8,109.375,-155.5,180.0,top
J9,234.375,-155.5,180.0,top
K1,8.662853,-128.3425,0.0,top
K2,21.1925,-128.3925,0.0,top
K3,33.7225,-128.3725,0.0,top
K4,46.2525,-128.3925,0.0,top
K5,203.9925,-128.2225,0.0,top
K6,216.3925,-128.2225,0.0,top
K7,228.8925,-128.4825,0.0,top
K8,241.4025,-128.4825,0.0,top
L1,232.381701,-26.296372,270.0,top
L2,214.350329,-26.308299,270.0,top
Q1,183.641701,-3.778299,0.0,top
Q2,70.55,-71.1,0.0,top
Q3,86.41,-71.11,0.0,top
Q4,102.27,-71.12,0.0,top
Q5,118.135,-71.145,0.0,top
Q6,134.0,-71.07,0.0,top
Q7,149.88,-71.07,0.0,top
Q8,165.79,-71.08,0.0,top
Q9,181.73,-71.09,0.0,top
R1,108.35,-52.89,0.0,top
R10,190.428308,-42.270468,270.0,top
R100,80.43,-86.225,0.0,top
R101,117.7,-86.13,0.0,top
R102,155.41,-86.07,0.0,top
R103,192.75,-86.07,0.0,top
R104,229.84,-86.1,0.0,top
R105,244.685,-103.94,0.0,top
R106,14.935,-97.57,180.0,top
R107,27.965,-107.02,180.0,top
R108,30.07,-79.92,180.0,top
R109,43.08,-89.38,0.0,top
R11,190.43,-52.130468,270.0,top
R110,67.39,-79.915,180.0,top
R111,80.427364,-89.385,0.0,top
R112,104.68,-79.83,180.0,top
R113,117.7,-89.28,0.0,top
R114,142.38,-79.77,180.0,top
R115,155.41,-89.22,0.0,top
R116,179.72,-79.77,180.0,top
R117,192.75,-89.22,0.0,top
R118,216.951821,-79.8,180.0,top
R119,229.84,-89.25,0.0,top
R12,132.782582,-11.69,0.0,top
R120,231.665,-97.64,180.0,top
R121,244.685,-107.1,0.0,top
R122,5.065,-110.184135,180.0,top
R123,5.065,-107.03,180.0,top
R124,20.21,-92.52,180.0,top
R125,20.21,-89.37,180.0,top
R126,57.53,-92.445,180.0,top
R127,57.52,-89.365,180.0,top
R128,94.81,-92.42,180.0,top
R129,94.81,-89.27,180.0,top
R13,152.55,-11.79,180.0,top
R130,132.51,-92.37,180.0,top
R131,132.51,-89.22,180.0,top
R132,169.85,-92.37,180.0,top
R133,169.85,-89.22,180.0,top
R134,207.08,-92.41,180.0,top
R135,207.08,-89.25,180.0,top
R136,221.795,-110.24,180.0,top
R137,221.795,-107.09,180.0,top
R138,5.063701,-100.72,180.0,top
R139,20.2,-83.07,180.0,top
R14,80.41,-39.54,180.0,top
R140,57.52,-83.065,180.0,top
R141,94.81,-82.97,180.0,top
R142,132.51,-82.92,180.0,top
R143,169.85,-82.92,180.0,top
R144,207.08,-82.95,180.0,top
R145,221.795,-100.79,180.0,top
R146,66.17,-68.25,270.0,top
R147,82.03,-68.26,270.0,top
R148,97.88,-68.27,270.0,top
R149,113.755,-68.295,270.0,top
R15,93.12,-39.55,180.0,top
R150,129.62,-68.214625,270.0,top
R151,145.49,-68.22,270.0,top
R152,161.41,-68.23,270.0,top
R153,177.35,-68.24,270.0,top
R154,69.52,-74.76,0.0,top
R155,85.39,-74.78,0.0,top
R156,101.239044,-74.78,0.0,top
R157,117.115,-74.805,0.0,top
R158,132.974796,-74.73,0.0,top
R159,148.85,-74.73,0.0,top
R16,96.32,-52.58,0.0,top
R160,164.77,-74.74,0.0,top
R161,180.71,-74.75,0.0,top
R162,5.065,-97.57,0.0,top
R163,20.2,-79.92,0.0,top
R164,57.52,-79.915,0.0,top
R165,94.81,-79.82664,0.0,top
R166,132.509026,-79.77,0.0,top
R167,169.85,-79.77,0.0,top
R168,207.08,-79.8,0.0,top
R169,221.795,-97.64,0.0,top
R17,13.83,-34.333288,0.0,top
R170,5.065,-103.87,0.0,top
R171,20.21,-86.22,0.0,top
R172,57.52,-86.215,0.0,top
R173,94.81,-86.12,0.0,top
R174,132.51,-86.07,0.0,top
R175,169.85,-86.07,0.0,top
R176,207.08,-86.1,0.0,top
R177,221.795,-103.94,0.0,top
R178,5.34,-88.95,180.0,top
R179,21.41,-69.61,180.0,top
R18,13.83,-41.388288,0.0,top
R180,37.48,-69.62,180.0,top
R181,53.51,-69.62,180.0,top
R182,196.46,-69.56,180.0,top
R183,212.43,-69.55,180.0,top
R184,228.73,-69.52,180.0,top
R185,238.86,-83.3,90.0,top
R186,8.830215,-116.9,90.0,top
R187,21.352251,-116.945509,90.0,top
R188,33.8825,-116.944026,90.0,top
R189,46.407709,-116.9725,90.0,top
R19,13.83,-48.463288,0.0,top
R190,203.76,-116.77,90.0,top
R191,216.139407,-116.774078,90.0,top
R192,228.6525,-117.039613,90.0,top
R193,241.166374,-117.04,90.0,top
R194,5.34,-85.94,180.0,top
R195,21.41,-66.61,180.0,top
R196,37.48,-66.61,180.0,top
R197,53.51,-66.61,180.0,top
R198,196.46,-66.56,180.0,top
R199,212.43,-66.55,180.0,top
R2,108.36,-39.54,0.0,top
R20,13.79,-55.518288,0.0,top
R200,228.73,-66.51,180.0,top
R201,241.87,-83.3,90.0,top
R202,5.34,-82.94,180.0,top
R203,21.41,-63.61,180.0,top
R204,37.48,-63.61,180.0,top
R205,53.51,-63.6,180.0,top
R206,196.46,-63.56,180.0,top
R207,212.43,-63.55,180.0,top
R208,228.73,-63.51,180.0,top
R209,244.88,-83.3,90.0,top
R21,151.449176,-34.305,0.0,top
R210,5.34,-79.94,180.0,top
R211,21.41,-60.61,180.0,top
R212,37.48,-60.61,180.0,top
R213,53.51,-60.59,180.0,top
R214,196.46,-60.56,180.0,top
R215,212.43,-60.55,180.0,top
R216,228.73,-60.51,180.0,top
R217,247.91,-83.29,90.0,top
R218,16.78,-138.47,180.0,top
R219,16.78,-141.62,0.0,top
R22,151.439176,-41.375,0.0,top
R220,48.049341,-138.47,180.0,top
R221,48.05,-141.62,0.0,top
R222,79.287209,-138.47,180.0,top
R223,79.29,-141.62,0.0,top
R224,110.536566,-138.473434,180.0,top
R225,110.53,-141.61,0.0,top
R226,141.789731,-138.46,180.0,top
R227,141.79,-141.61,0.0,top
R228,173.050203,-138.47,180.0,top
R229,173.05,-141.62,0.0,top
R23,151.449176,-48.45,0.0,top
R230,204.133449,-138.48,180.0,top
R231,204.13,-141.63,0.0,top
R232,235.54,-138.452842,180.0,top
R233,235.54,-141.61476,0.0,top
R24,151.549176,-55.52,0.0,top
R25,29.07,-43.86392,90.0,top
R26,40.9,-43.86892,90.0,top
R27,168.025,-47.465,90.0,top
R28,179.875,-47.475,90.0,top
R29,29.07,-53.93892,90.0,top
R3,220.975657,-11.325587,90.0,top
R30,40.9,-53.89892,90.0,top
R31,168.03,-57.49,90.0,top
R32,179.87,-57.52,90.0,top
R33,232.99,-54.92,180.0,top
R34,84.223088,-11.97,0.0,top
R35,84.23,-8.91,0.0,top
R36,108.87,-30.369449,0.0,top
R37,84.22,-30.36,0.0,top
R38,96.54,-30.358309,0.0,top
R39,96.563762,-2.74,0.0,top
R4,136.13,-30.89,270.0,top
R40,236.141701,-42.880272,180.0,top
R41,96.555769,-5.824231,180.0,top
R42,96.55,-18.118483,180.0,top
R43,84.22,-27.3,0.0,top
R44,96.54,-27.3,0.0,top
R45,84.228975,-18.12,0.0,top
R46,84.23,-21.179449,0.0,top
R47,84.23,-24.24,0.0,top
R48,84.217007,-15.05,0.0,top
R49,84.21,-2.74,0.0,top
R5,227.275657,-11.338299,270.0,top
R50,96.553287,-21.176713,0.0,top
R51,96.56,-24.24,0.0,top
R52,96.55,-15.047677,0.0,top
R53,96.55,-11.97,0.0,top
R54,96.557087,-8.91,0.0,top
R55,84.22,-5.82,0.0,top
R56,108.9,-2.74607,0.0,top
R57,108.9,-5.824598,0.0,top
R58,108.88,-8.91,0.0,top
R59,108.879134,-11.97,0.0,top
R6,224.125657,-11.325587,90.0,top
R60,108.88,-15.047715,0.0,top
R61,108.877244,-18.11,0.0,top
R62,108.879626,-21.18,0.0,top
R63,236.141701,-35.378145,180.0,top
R64,108.9,-24.25,0.0,top
R65,108.87,-27.31,0.0,top
R66,33.89,-149.27,90.0,top
R67,127.64,-149.27,90.0,top
R68,190.14,-149.27,90.0,top
R69,221.39,-149.27,90.0,top
R7,132.975,-30.88,270.0,top
R70,65.13,-149.27,90.0,top
R71,96.39,-149.27,90.0,top
R72,158.89,-149.27,90.0,top
R73,2.65,-149.27,90.0,top
R74,106.888449,-129.548458,180.0,top
R75,143.11,-119.351819,0.0,top
R76,143.11,-129.536747,0.0,top
R77,143.11,-134.62,0.0,top
R78,106.898449,-119.388458,180.0,top
R79,106.896337,-124.458458,180.0,top
R8,129.82,-30.88,270.0,top
R80,106.896337,-134.619659,180.0,top
R81,143.1,-124.461244,0.0,top
R82,86.04,-116.26,180.0,top
R83,86.04,-110.2,180.0,top
R84,105.55,-110.26,0.0,top
R85,105.51,-116.34,180.0,top
R86,125.030005,-110.24,180.0,top
R87,125.030005,-116.32,180.0,top
R88,144.48,-110.25,180.0,top
R89,144.49,-116.32,180.0,top
R9,126.67,-30.88,270.0,top
R90,27.974272,-100.72,180.0,top
R91,43.08,-83.07,180.0,top
R92,80.43,-83.075398,180.0,top
R93,117.71,-82.98,180.0,top
R94,155.41,-82.92,180.0,top
R95,192.75,-82.92,180.0,top
R96,229.84,-82.95,180.0,top
R97,244.685,-100.79,180.0,top
R98,27.965,-103.87,0.0,top
R99,43.08,-86.22,0.0,top
SW1,244.248006,-3.158299,0.0,top
SW10,142.339176,-55.77,0.0,top
SW11,8.1842,-74.25,0.0,top
SW12,24.24,-74.25,0.0,top
SW13,40.29,-74.25,0.0,top
SW14,56.34,-74.25,0.0,top
SW15,193.607244,-74.25,0.0,top
SW16,209.62,-74.24,0.0,top
SW17,225.67,-74.25,0.0,top
SW18,241.74,-74.25,0.0,top
SW2,146.68,-21.96,0.0,top
SW3,4.62,-34.598288,0.0,top
SW4,4.62,-41.638288,0.0,top
SW5,4.62,-48.713288,0.0,top
SW6,4.58,-55.768288,0.0,top
SW7,142.239176,-34.555,0.0,top
SW8,142.229176,-41.625,0.0,top
SW9,142.239176,-48.695,0.0,top
U1,92.412047,-128.27,0.0,top
U10,200.815,-47.045075,0.0,top
U11,70.565,-86.905,0.0,top
U12,219.965,-86.78,0.0,top
U13,125.04,-56.25,90.0,top
U14,157.61,-128.273252,0.0,top
U15,107.84,-86.81,0.0,top
U16,234.82,-104.62,0.0,top
U17,200.818088,-34.739493,0.0,top
U18,80.429667,-46.06,90.0,top
U19,70.91,-56.26,90.0,top
U2,119.925,-126.998458,0.0,top
U20,36.31,-17.13816,270.0,top
U22,65.48,-125.32,0.0,top
U23,95.781073,-106.23,0.0,top
U24,65.88,-107.8,0.0,top
U25,115.29,-106.23,0.0,top
U26,180.573702,-125.295777,0.0,top
U27,134.77,-106.23,0.0,top
U28,180.57,-107.93,0.0,top
U29,154.23,-106.23,0.0,top
U3,18.09,-104.55,0.0,top
U4,145.54,-86.75,0.0,top
U5,118.68,-46.06,270.0,top
U6,133.24,-127.0,0.0,top
U7,182.88,-86.75,0.0,top
U8,33.215,-86.9,0.0,top
U9,228.98,-3.68,0.0,top
