reference,instance,value,physical_pin,pin_function,connected_net,wrapper_terminal,model_name,model_terminal_index_or_token,model_terminal_role,model_file,mapping_note
BT1,BT1,"type=""R"" model=""Battery_Cell"" lib=""""",1,+_1,+BATT,P,LIF_CR2032_DYNAMIC or fixed source,1,positive,models/portable/lifeling_portable_models.lib,
BT1,BT1,"type=""R"" model=""Battery_Cell"" lib=""""",2,-_2,GNDREF,N,LIF_CR2032_DYNAMIC or fixed source,2,negative,models/portable/lifeling_portable_models.lib,
D1,D1,TPD1E05U06DPYT,1,I/O_1,Vm_Ext,IO,LIF_TPD1E05U06,1,IO,models/portable/lifeling_portable_models.lib,
D1,D1,TPD1E05U06DPYT,2,GND_2,GNDREF,GND,LIF_TPD1E05U06,2,GND,models/portable/lifeling_portable_models.lib,
D2,D2,BAT54WS L9,2,A_2,Vm_Int,A,LIF_BAT54WS,A,anode,models/portable/lifeling_portable_models.lib,
D2,D2,BAT54WS L9,1,K_1,VDD,K,LIF_BAT54WS,K,cathode,models/portable/lifeling_portable_models.lib,
D3,D3,BAT54WS L9,2,A_2,GNDREF,A,LIF_BAT54WS,A,anode,models/portable/lifeling_portable_models.lib,
D3,D3,BAT54WS L9,1,K_1,Vm_Int,K,LIF_BAT54WS,K,cathode,models/portable/lifeling_portable_models.lib,
D4,D4,1N4148WS,2,A_2,GNDREF,A,LIF_1N4148WS,A,anode,models/portable/lifeling_portable_models.lib,
D4,D4,1N4148WS,1,C_1,/Vkick,K,LIF_1N4148WS,K,cathode,models/portable/lifeling_portable_models.lib,
D5,D5,1N4148WS,2,A_2,/Vkick,A,LIF_1N4148WS,A,anode,models/portable/lifeling_portable_models.lib,
D5,D5,1N4148WS,1,C_1,Vw,K,LIF_1N4148WS,K,cathode,models/portable/lifeling_portable_models.lib,
D6,D6,RB521S30T1G,2,A_2,Net-(D6-A),A,LIF_RB521S30,A,anode,models/portable/lifeling_portable_models.lib,
D6,D6,RB521S30T1G,1,C_1,Vw,K,LIF_RB521S30,K,cathode,models/portable/lifeling_portable_models.lib,
D7,D7,1N4148WS,2,A_2,GNDREF,A,LIF_1N4148WS,A,anode,models/portable/lifeling_portable_models.lib,
D7,D7,1N4148WS,1,C_1,Vw,K,LIF_1N4148WS,K,cathode,models/portable/lifeling_portable_models.lib,
D8,D8,RB521S30T1G,2,A_2,/Rising_AP,A,LIF_RB521S30,A,anode,models/portable/lifeling_portable_models.lib,
D8,D8,RB521S30T1G,1,C_1,Spike_Pulse,K,LIF_RB521S30,K,cathode,models/portable/lifeling_portable_models.lib,
D9,D9_R,19-237/R6GHBHC-A01/2T,4,+_4,VDD,A,LIF_LED_RED,A,anode,models/portable/lifeling_portable_models.lib,
D9,D9_R,19-237/R6GHBHC-A01/2T,1,R-_1,Net-(D9-R-),K,LIF_LED_RED,K,red cathode,models/portable/lifeling_portable_models.lib,
D9,D9_G,19-237/R6GHBHC-A01/2T,4,+_4,VDD,A,LIF_LED_GREEN,A,anode,models/portable/lifeling_portable_models.lib,
D9,D9_G,19-237/R6GHBHC-A01/2T,2,G-_2,Net-(D9-G-),K,LIF_LED_GREEN,K,green cathode,models/portable/lifeling_portable_models.lib,
D9,D9_B,19-237/R6GHBHC-A01/2T,4,+_4,VDD,A,LIF_LED_BLUE,A,anode,models/portable/lifeling_portable_models.lib,
D9,D9_B,19-237/R6GHBHC-A01/2T,3,B-_3,Net-(D9-B-),K,LIF_LED_BLUE,K,blue cathode,models/portable/lifeling_portable_models.lib,
D10,D10,BAT54WS L9,2,A_2,Net-(D10-A),A,LIF_BAT54WS,A,anode,models/portable/lifeling_portable_models.lib,
D10,D10,BAT54WS L9,1,K_1,VDD,K,LIF_BAT54WS,K,cathode,models/portable/lifeling_portable_models.lib,
D11,D11,BAT54WS L9,2,A_2,GNDREF,A,LIF_BAT54WS,A,anode,models/portable/lifeling_portable_models.lib,
D11,D11,BAT54WS L9,1,K_1,Net-(D10-A),K,LIF_BAT54WS,K,cathode,models/portable/lifeling_portable_models.lib,
D12,D12,BAT54WS L9,2,A_2,Net-(D12-A),A,LIF_BAT54WS,A,anode,models/portable/lifeling_portable_models.lib,
D12,D12,BAT54WS L9,1,K_1,VDD,K,LIF_BAT54WS,K,cathode,models/portable/lifeling_portable_models.lib,
D13,D13,BAT54WS L9,2,A_2,GNDREF,A,LIF_BAT54WS,A,anode,models/portable/lifeling_portable_models.lib,
D13,D13,BAT54WS L9,1,K_1,Net-(D12-A),K,LIF_BAT54WS,K,cathode,models/portable/lifeling_portable_models.lib,
D14,D14,BAT54WS L9,2,A_2,Net-(D14-A),A,LIF_BAT54WS,A,anode,models/portable/lifeling_portable_models.lib,
D14,D14,BAT54WS L9,1,K_1,VDD,K,LIF_BAT54WS,K,cathode,models/portable/lifeling_portable_models.lib,
D15,D15,BAT54WS L9,2,A_2,GNDREF,A,LIF_BAT54WS,A,anode,models/portable/lifeling_portable_models.lib,
D15,D15,BAT54WS L9,1,K_1,Net-(D14-A),K,LIF_BAT54WS,K,cathode,models/portable/lifeling_portable_models.lib,
D16,D16,BAT54WS L9,2,A_2,Net-(D16-A),A,LIF_BAT54WS,A,anode,models/portable/lifeling_portable_models.lib,
D16,D16,BAT54WS L9,1,K_1,VDD,K,LIF_BAT54WS,K,cathode,models/portable/lifeling_portable_models.lib,
D17,D17,BAT54WS L9,2,A_2,GNDREF,A,LIF_BAT54WS,A,anode,models/portable/lifeling_portable_models.lib,
D17,D17,BAT54WS L9,1,K_1,Net-(D16-A),K,LIF_BAT54WS,K,cathode,models/portable/lifeling_portable_models.lib,
D18,D18,TPD1E05U06DPYT,1,I/O_1,Spike_Out,IO,LIF_TPD1E05U06,1,IO,models/portable/lifeling_portable_models.lib,
D18,D18,TPD1E05U06DPYT,2,GND_2,GNDREF,GND,LIF_TPD1E05U06,2,GND,models/portable/lifeling_portable_models.lib,
D19,D19,TPD1E05U06DPYT,1,I/O_1,Stimulus_Ext,IO,LIF_TPD1E05U06,1,IO,models/portable/lifeling_portable_models.lib,
D19,D19,TPD1E05U06DPYT,2,GND_2,GNDREF,GND,LIF_TPD1E05U06,2,GND,models/portable/lifeling_portable_models.lib,
D20,D20,RB521S30T1G,2,A_2,GNDREF,A,LIF_RB521S30,A,anode,models/portable/lifeling_portable_models.lib,
D20,D20,RB521S30T1G,1,C_1,Spike_Pulse,K,LIF_RB521S30,K,cathode,models/portable/lifeling_portable_models.lib,
D21,D21,BAT54WS L9,2,A_2,Vm_Display_In,A,LIF_BAT54WS,A,anode,models/portable/lifeling_portable_models.lib,
D21,D21,BAT54WS L9,1,K_1,VDD,K,LIF_BAT54WS,K,cathode,models/portable/lifeling_portable_models.lib,
D22,D22,BAT54WS L9,2,A_2,GNDREF,A,LIF_BAT54WS,A,anode,models/portable/lifeling_portable_models.lib,
D22,D22,BAT54WS L9,1,K_1,Vm_Display_In,K,LIF_BAT54WS,K,cathode,models/portable/lifeling_portable_models.lib,
Q1,Q1,BSS138,3,D_3,AP,D,LIF_BSS138,D,D,models/portable/lifeling_portable_models.lib,
Q1,Q1,BSS138,1,G_1,/AP_Gate,G,LIF_BSS138,G,G,models/portable/lifeling_portable_models.lib,
Q1,Q1,BSS138,2,S_2,GNDREF,S,LIF_BSS138,S,S,models/portable/lifeling_portable_models.lib,
Q1,Q1,BSS138,2,S_2,GNDREF,B,LIF_BSS138,B,body tied to source,models/portable/lifeling_portable_models.lib,
Q2,Q2,MMBT3904,3,3_3,/Adapt_Current_Sink,C,LIF_MMBT3904,C,C,models/portable/lifeling_portable_models.lib,
Q2,Q2,MMBT3904,1,1_1,/Adapt_Base,B,LIF_MMBT3904,B,B,models/portable/lifeling_portable_models.lib,
Q2,Q2,MMBT3904,2,2_2,GNDREF,E,LIF_MMBT3904,E,E,models/portable/lifeling_portable_models.lib,
Q3,Q3,BSS138,3,D_3,/Reset_Timer_Discharge,D,LIF_BSS138,D,D,models/portable/lifeling_portable_models.lib,
Q3,Q3,BSS138,1,G_1,AP,G,LIF_BSS138,G,G,models/portable/lifeling_portable_models.lib,
Q3,Q3,BSS138,2,S_2,GNDREF,S,LIF_BSS138,S,S,models/portable/lifeling_portable_models.lib,
Q3,Q3,BSS138,2,S_2,GNDREF,B,LIF_BSS138,B,body tied to source,models/portable/lifeling_portable_models.lib,
Q4,Q4,BSS138,3,D_3,/Reset_Injection_Enable,D,LIF_BSS138,D,D,models/portable/lifeling_portable_models.lib,
Q4,Q4,BSS138,1,G_1,Peak_Window,G,LIF_BSS138,G,G,models/portable/lifeling_portable_models.lib,
Q4,Q4,BSS138,2,S_2,GNDREF,S,LIF_BSS138,S,S,models/portable/lifeling_portable_models.lib,
Q4,Q4,BSS138,2,S_2,GNDREF,B,LIF_BSS138,B,body tied to source,models/portable/lifeling_portable_models.lib,
Q5,Q5,BSS138,3,D_3,/Reset_Switch_Mid,D,LIF_BSS138,D,D,models/portable/lifeling_portable_models.lib,
Q5,Q5,BSS138,1,G_1,/Reset_Injection_Enable,G,LIF_BSS138,G,G,models/portable/lifeling_portable_models.lib,
Q5,Q5,BSS138,2,S_2,/Reset_Injection_Drive,S,LIF_BSS138,S,S,models/portable/lifeling_portable_models.lib,
Q5,Q5,BSS138,2,S_2,/Reset_Injection_Drive,B,LIF_BSS138,B,body tied to source,models/portable/lifeling_portable_models.lib,
Q6,Q6,BSS138,3,D_3,/Reset_Gated_Drive,D,LIF_BSS138,D,D,models/portable/lifeling_portable_models.lib,
Q6,Q6,BSS138,1,G_1,Reset_Window,G,LIF_BSS138,G,G,models/portable/lifeling_portable_models.lib,
Q6,Q6,BSS138,2,S_2,/Reset_Switch_Mid,S,LIF_BSS138,S,S,models/portable/lifeling_portable_models.lib,
Q6,Q6,BSS138,2,S_2,/Reset_Switch_Mid,B,LIF_BSS138,B,body tied to source,models/portable/lifeling_portable_models.lib,
Q7,Q7,BSS138,3,D_3,Net-(Q7-D),D,LIF_BSS138,D,D,models/portable/lifeling_portable_models.lib,
Q7,Q7,BSS138,1,G_1,Reset_Window,G,LIF_BSS138,G,G,models/portable/lifeling_portable_models.lib,
Q7,Q7,BSS138,2,S_2,GNDREF,S,LIF_BSS138,S,S,models/portable/lifeling_portable_models.lib,
Q7,Q7,BSS138,2,S_2,GNDREF,B,LIF_BSS138,B,body tied to source,models/portable/lifeling_portable_models.lib,
Q8,Q8,MMBT3904,3,3_3,Net-(Q8-Pad3),C,LIF_MMBT3904,C,C,models/portable/lifeling_portable_models.lib,
Q8,Q8,MMBT3904,1,1_1,Net-(Q8-Pad1),B,LIF_MMBT3904,B,B,models/portable/lifeling_portable_models.lib,
Q8,Q8,MMBT3904,2,2_2,GNDREF,E,LIF_MMBT3904,E,E,models/portable/lifeling_portable_models.lib,
SW1,SW1,K3-1260D-L1,1,1_1,+BATT,contact A,RSW1,1,contact,models/portable/lifeling_portable_models.lib,
SW1,SW1,K3-1260D-L1,2,2_2,VDD,contact B,RSW1,2,contact,models/portable/lifeling_portable_models.lib,
SW1,SW1,K3-1260D-L1,3,3_3,unconnected-(SW1-Pad3),unused,R_SW1_UNUSED,1,floating pad,models/portable/lifeling_portable_models.lib,
U1,U1A,MCP6004T-I/ST,3,VINA+_3,Net-(U1D-VINA+),IN+,MCP6001,1,IN+,models\compatible\MCP6001_ngspice.lib,MCP6004 package split into four official MCP6001 family instances
U1,U1A,MCP6004T-I/ST,2,VINA-_2,V_Syn1_Set,IN-,MCP6001,2,IN-,models\compatible\MCP6001_ngspice.lib,MCP6004 package split into four official MCP6001 family instances
U1,U1A,MCP6004T-I/ST,1,VOUTA_1,V_Syn1_Set,OUT,MCP6001,5,OUT,models\compatible\MCP6001_ngspice.lib,MCP6004 package split into four official MCP6001 family instances
U1,U1A,MCP6004T-I/ST,4,VDD_4,VDD,V+,MCP6001,3,V+,models\compatible\MCP6001_ngspice.lib,
U1,U1A,MCP6004T-I/ST,11,VSS_11,GNDREF,V-,MCP6001,4,V-,models\compatible\MCP6001_ngspice.lib,
U1,U1B,MCP6004T-I/ST,5,VINB+_5,Net-(U1A-VINB+),IN+,MCP6001,1,IN+,models\compatible\MCP6001_ngspice.lib,MCP6004 package split into four official MCP6001 family instances
U1,U1B,MCP6004T-I/ST,6,VINB-_6,V_Syn2_Set,IN-,MCP6001,2,IN-,models\compatible\MCP6001_ngspice.lib,MCP6004 package split into four official MCP6001 family instances
U1,U1B,MCP6004T-I/ST,7,VOUTB_7,V_Syn2_Set,OUT,MCP6001,5,OUT,models\compatible\MCP6001_ngspice.lib,MCP6004 package split into four official MCP6001 family instances
U1,U1B,MCP6004T-I/ST,4,VDD_4,VDD,V+,MCP6001,3,V+,models\compatible\MCP6001_ngspice.lib,
U1,U1B,MCP6004T-I/ST,11,VSS_11,GNDREF,V-,MCP6001,4,V-,models\compatible\MCP6001_ngspice.lib,
U1,U1C,MCP6004T-I/ST,10,VINC+_10,Vw,IN+,MCP6001,1,IN+,models\compatible\MCP6001_ngspice.lib,MCP6004 package split into four official MCP6001 family instances
U1,U1C,MCP6004T-I/ST,9,VINC-_9,Vw_buff,IN-,MCP6001,2,IN-,models\compatible\MCP6001_ngspice.lib,MCP6004 package split into four official MCP6001 family instances
U1,U1C,MCP6004T-I/ST,8,VOUTC_8,Vw_buff,OUT,MCP6001,5,OUT,models\compatible\MCP6001_ngspice.lib,MCP6004 package split into four official MCP6001 family instances
U1,U1C,MCP6004T-I/ST,4,VDD_4,VDD,V+,MCP6001,3,V+,models\compatible\MCP6001_ngspice.lib,
U1,U1C,MCP6004T-I/ST,11,VSS_11,GNDREF,V-,MCP6001,4,V-,models\compatible\MCP6001_ngspice.lib,
U1,U1D,MCP6004T-I/ST,12,VIND+_12,Net-(U1C-VIND+),IN+,MCP6001,1,IN+,models\compatible\MCP6001_ngspice.lib,MCP6004 package split into four official MCP6001 family instances
U1,U1D,MCP6004T-I/ST,13,VIND-_13,Net-(U1C-VIND-),IN-,MCP6001,2,IN-,models\compatible\MCP6001_ngspice.lib,MCP6004 package split into four official MCP6001 family instances
U1,U1D,MCP6004T-I/ST,14,VOUTD_14,/V_Syn_Drive,OUT,MCP6001,5,OUT,models\compatible\MCP6001_ngspice.lib,MCP6004 package split into four official MCP6001 family instances
U1,U1D,MCP6004T-I/ST,4,VDD_4,VDD,V+,MCP6001,3,V+,models\compatible\MCP6001_ngspice.lib,
U1,U1D,MCP6004T-I/ST,11,VSS_11,GNDREF,V-,MCP6001,4,V-,models\compatible\MCP6001_ngspice.lib,
U2,U2A,MCP6004T-I/ST,3,VINA+_3,AP,IN+,MCP6001,1,IN+,models\compatible\MCP6001_ngspice.lib,MCP6004 package split into four official MCP6001 family instances
U2,U2A,MCP6004T-I/ST,2,VINA-_2,/Adapt_Kick_Drive,IN-,MCP6001,2,IN-,models\compatible\MCP6001_ngspice.lib,MCP6004 package split into four official MCP6001 family instances
U2,U2A,MCP6004T-I/ST,1,VOUTA_1,/Adapt_Kick_Drive,OUT,MCP6001,5,OUT,models\compatible\MCP6001_ngspice.lib,MCP6004 package split into four official MCP6001 family instances
U2,U2A,MCP6004T-I/ST,4,VDD_4,VDD,V+,MCP6001,3,V+,models\compatible\MCP6001_ngspice.lib,
U2,U2A,MCP6004T-I/ST,11,VSS_11,GNDREF,V-,MCP6001,4,V-,models\compatible\MCP6001_ngspice.lib,
U2,U2B,MCP6004T-I/ST,5,VINB+_5,V_Reset_Ref,IN+,MCP6001,1,IN+,models\compatible\MCP6001_ngspice.lib,MCP6004 package split into four official MCP6001 family instances
U2,U2B,MCP6004T-I/ST,6,VINB-_6,/Reset_Injection_Drive,IN-,MCP6001,2,IN-,models\compatible\MCP6001_ngspice.lib,MCP6004 package split into four official MCP6001 family instances
U2,U2B,MCP6004T-I/ST,7,VOUTB_7,/Reset_Injection_Drive,OUT,MCP6001,5,OUT,models\compatible\MCP6001_ngspice.lib,MCP6004 package split into four official MCP6001 family instances
U2,U2B,MCP6004T-I/ST,4,VDD_4,VDD,V+,MCP6001,3,V+,models\compatible\MCP6001_ngspice.lib,
U2,U2B,MCP6004T-I/ST,11,VSS_11,GNDREF,V-,MCP6001,4,V-,models\compatible\MCP6001_ngspice.lib,
U2,U2C,MCP6004T-I/ST,10,VINC+_10,V_Peak_Ref,IN+,MCP6001,1,IN+,models\compatible\MCP6001_ngspice.lib,MCP6004 package split into four official MCP6001 family instances
U2,U2C,MCP6004T-I/ST,9,VINC-_9,V_Peak_Drive,IN-,MCP6001,2,IN-,models\compatible\MCP6001_ngspice.lib,MCP6004 package split into four official MCP6001 family instances
U2,U2C,MCP6004T-I/ST,8,VOUTC_8,V_Peak_Drive,OUT,MCP6001,5,OUT,models\compatible\MCP6001_ngspice.lib,MCP6004 package split into four official MCP6001 family instances
U2,U2C,MCP6004T-I/ST,4,VDD_4,VDD,V+,MCP6001,3,V+,models\compatible\MCP6001_ngspice.lib,
U2,U2C,MCP6004T-I/ST,11,VSS_11,GNDREF,V-,MCP6001,4,V-,models\compatible\MCP6001_ngspice.lib,
U2,U2D,MCP6004T-I/ST,12,VIND+_12,Net-(U2C-VIND+),IN+,MCP6001,1,IN+,models\compatible\MCP6001_ngspice.lib,MCP6004 package split into four official MCP6001 family instances
U2,U2D,MCP6004T-I/ST,13,VIND-_13,Net-(U2C-VIND-),IN-,MCP6001,2,IN-,models\compatible\MCP6001_ngspice.lib,MCP6004 package split into four official MCP6001 family instances
U2,U2D,MCP6004T-I/ST,14,VOUTD_14,/Adapt,OUT,MCP6001,5,OUT,models\compatible\MCP6001_ngspice.lib,MCP6004 package split into four official MCP6001 family instances
U2,U2D,MCP6004T-I/ST,4,VDD_4,VDD,V+,MCP6001,3,V+,models\compatible\MCP6001_ngspice.lib,
U2,U2D,MCP6004T-I/ST,11,VSS_11,GNDREF,V-,MCP6001,4,V-,models\compatible\MCP6001_ngspice.lib,
U3,U3A,MCP6004T-I/ST,3,VINA+_3,/V_Leak_ref,IN+,MCP6001,1,IN+,models\compatible\MCP6001_ngspice.lib,MCP6004 package split into four official MCP6001 family instances
U3,U3A,MCP6004T-I/ST,2,VINA-_2,V_Leak,IN-,MCP6001,2,IN-,models\compatible\MCP6001_ngspice.lib,MCP6004 package split into four official MCP6001 family instances
U3,U3A,MCP6004T-I/ST,1,VOUTA_1,V_Leak,OUT,MCP6001,5,OUT,models\compatible\MCP6001_ngspice.lib,MCP6004 package split into four official MCP6001 family instances
U3,U3A,MCP6004T-I/ST,4,VDD_4,VDD,V+,MCP6001,3,V+,models\compatible\MCP6001_ngspice.lib,
U3,U3A,MCP6004T-I/ST,11,VSS_11,GNDREF,V-,MCP6001,4,V-,models\compatible\MCP6001_ngspice.lib,
U3,U3B,MCP6004T-I/ST,5,VINB+_5,VREF_2V048,IN+,MCP6001,1,IN+,models\compatible\MCP6001_ngspice.lib,MCP6004 package split into four official MCP6001 family instances
U3,U3B,MCP6004T-I/ST,6,VINB-_6,V_Leak_Ref_Max,IN-,MCP6001,2,IN-,models\compatible\MCP6001_ngspice.lib,MCP6004 package split into four official MCP6001 family instances
U3,U3B,MCP6004T-I/ST,7,VOUTB_7,V_Leak_Ref_Max,OUT,MCP6001,5,OUT,models\compatible\MCP6001_ngspice.lib,MCP6004 package split into four official MCP6001 family instances
U3,U3B,MCP6004T-I/ST,4,VDD_4,VDD,V+,MCP6001,3,V+,models\compatible\MCP6001_ngspice.lib,
U3,U3B,MCP6004T-I/ST,11,VSS_11,GNDREF,V-,MCP6001,4,V-,models\compatible\MCP6001_ngspice.lib,
U3,U3C,MCP6004T-I/ST,10,VINC+_10,Net-(U3B-VINC+),IN+,MCP6001,1,IN+,models\compatible\MCP6001_ngspice.lib,MCP6004 package split into four official MCP6001 family instances
U3,U3C,MCP6004T-I/ST,9,VINC-_9,V_Syn3_Set,IN-,MCP6001,2,IN-,models\compatible\MCP6001_ngspice.lib,MCP6004 package split into four official MCP6001 family instances
U3,U3C,MCP6004T-I/ST,8,VOUTC_8,V_Syn3_Set,OUT,MCP6001,5,OUT,models\compatible\MCP6001_ngspice.lib,MCP6004 package split into four official MCP6001 family instances
U3,U3C,MCP6004T-I/ST,4,VDD_4,VDD,V+,MCP6001,3,V+,models\compatible\MCP6001_ngspice.lib,
U3,U3C,MCP6004T-I/ST,11,VSS_11,GNDREF,V-,MCP6001,4,V-,models\compatible\MCP6001_ngspice.lib,
U3,U3D,MCP6004T-I/ST,12,VIND+_12,Net-(U3C-VIND+),IN+,MCP6001,1,IN+,models\compatible\MCP6001_ngspice.lib,MCP6004 package split into four official MCP6001 family instances
U3,U3D,MCP6004T-I/ST,13,VIND-_13,V_Syn4_Set,IN-,MCP6001,2,IN-,models\compatible\MCP6001_ngspice.lib,MCP6004 package split into four official MCP6001 family instances
U3,U3D,MCP6004T-I/ST,14,VOUTD_14,V_Syn4_Set,OUT,MCP6001,5,OUT,models\compatible\MCP6001_ngspice.lib,MCP6004 package split into four official MCP6001 family instances
U3,U3D,MCP6004T-I/ST,4,VDD_4,VDD,V+,MCP6001,3,V+,models\compatible\MCP6001_ngspice.lib,
U3,U3D,MCP6004T-I/ST,11,VSS_11,GNDREF,V-,MCP6001,4,V-,models\compatible\MCP6001_ngspice.lib,
U4,U4A,TLV7044PWR,1,OUTA_1,S0,OUT,LIF_TLV7041_OD,1,OUT,models/portable/lifeling_portable_models.lib,
U4,U4A,TLV7044PWR,3,INA+_3,T1,IN+,LIF_TLV7041_OD,3,IN+,models/portable/lifeling_portable_models.lib,
U4,U4A,TLV7044PWR,2,INA-_2,Vsel,IN-,LIF_TLV7041_OD,4,IN-,models/portable/lifeling_portable_models.lib,
U4,U4A,TLV7044PWR,11,VEE_11,GNDREF,V-,LIF_TLV7041_OD,2,V-,models/portable/lifeling_portable_models.lib,
U4,U4A,TLV7044PWR,4,VCC_4,VDD,V+,LIF_TLV7041_OD,5,V+,models/portable/lifeling_portable_models.lib,
U4,U4B,TLV7044PWR,7,OUTB_7,S1,OUT,LIF_TLV7041_OD,1,OUT,models/portable/lifeling_portable_models.lib,
U4,U4B,TLV7044PWR,5,INB+_5,Vsel,IN+,LIF_TLV7041_OD,3,IN+,models/portable/lifeling_portable_models.lib,
U4,U4B,TLV7044PWR,6,INB-_6,T1,IN-,LIF_TLV7041_OD,4,IN-,models/portable/lifeling_portable_models.lib,
U4,U4B,TLV7044PWR,11,VEE_11,GNDREF,V-,LIF_TLV7041_OD,2,V-,models/portable/lifeling_portable_models.lib,
U4,U4B,TLV7044PWR,4,VCC_4,VDD,V+,LIF_TLV7041_OD,5,V+,models/portable/lifeling_portable_models.lib,
U4,U4C,TLV7044PWR,8,OUTC_8,S1,OUT,LIF_TLV7041_OD,1,OUT,models/portable/lifeling_portable_models.lib,
U4,U4C,TLV7044PWR,10,INC+_10,T2,IN+,LIF_TLV7041_OD,3,IN+,models/portable/lifeling_portable_models.lib,
U4,U4C,TLV7044PWR,9,INC-_9,Vsel,IN-,LIF_TLV7041_OD,4,IN-,models/portable/lifeling_portable_models.lib,
U4,U4C,TLV7044PWR,11,VEE_11,GNDREF,V-,LIF_TLV7041_OD,2,V-,models/portable/lifeling_portable_models.lib,
U4,U4C,TLV7044PWR,4,VCC_4,VDD,V+,LIF_TLV7041_OD,5,V+,models/portable/lifeling_portable_models.lib,
U4,U4D,TLV7044PWR,14,OUTD_14,S4,OUT,LIF_TLV7041_OD,1,OUT,models/portable/lifeling_portable_models.lib,
U4,U4D,TLV7044PWR,12,IND+_12,Vsel,IN+,LIF_TLV7041_OD,3,IN+,models/portable/lifeling_portable_models.lib,
U4,U4D,TLV7044PWR,13,IND−_13,T4,IN-,LIF_TLV7041_OD,4,IN-,models/portable/lifeling_portable_models.lib,
U4,U4D,TLV7044PWR,11,VEE_11,GNDREF,V-,LIF_TLV7041_OD,2,V-,models/portable/lifeling_portable_models.lib,
U4,U4D,TLV7044PWR,4,VCC_4,VDD,V+,LIF_TLV7041_OD,5,V+,models/portable/lifeling_portable_models.lib,
U5,U5A,TLV7044PWR,1,OUTA_1,S2,OUT,LIF_TLV7041_OD,1,OUT,models/portable/lifeling_portable_models.lib,
U5,U5A,TLV7044PWR,3,INA+_3,Vsel,IN+,LIF_TLV7041_OD,3,IN+,models/portable/lifeling_portable_models.lib,
U5,U5A,TLV7044PWR,2,INA-_2,T2,IN-,LIF_TLV7041_OD,4,IN-,models/portable/lifeling_portable_models.lib,
U5,U5A,TLV7044PWR,11,VEE_11,GNDREF,V-,LIF_TLV7041_OD,2,V-,models/portable/lifeling_portable_models.lib,
U5,U5A,TLV7044PWR,4,VCC_4,VDD,V+,LIF_TLV7041_OD,5,V+,models/portable/lifeling_portable_models.lib,
U5,U5B,TLV7044PWR,7,OUTB_7,S2,OUT,LIF_TLV7041_OD,1,OUT,models/portable/lifeling_portable_models.lib,
U5,U5B,TLV7044PWR,5,INB+_5,T3,IN+,LIF_TLV7041_OD,3,IN+,models/portable/lifeling_portable_models.lib,
U5,U5B,TLV7044PWR,6,INB-_6,Vsel,IN-,LIF_TLV7041_OD,4,IN-,models/portable/lifeling_portable_models.lib,
U5,U5B,TLV7044PWR,11,VEE_11,GNDREF,V-,LIF_TLV7041_OD,2,V-,models/portable/lifeling_portable_models.lib,
U5,U5B,TLV7044PWR,4,VCC_4,VDD,V+,LIF_TLV7041_OD,5,V+,models/portable/lifeling_portable_models.lib,
U5,U5C,TLV7044PWR,8,OUTC_8,S3,OUT,LIF_TLV7041_OD,1,OUT,models/portable/lifeling_portable_models.lib,
U5,U5C,TLV7044PWR,10,INC+_10,Vsel,IN+,LIF_TLV7041_OD,3,IN+,models/portable/lifeling_portable_models.lib,
U5,U5C,TLV7044PWR,9,INC-_9,T3,IN-,LIF_TLV7041_OD,4,IN-,models/portable/lifeling_portable_models.lib,
U5,U5C,TLV7044PWR,11,VEE_11,GNDREF,V-,LIF_TLV7041_OD,2,V-,models/portable/lifeling_portable_models.lib,
U5,U5C,TLV7044PWR,4,VCC_4,VDD,V+,LIF_TLV7041_OD,5,V+,models/portable/lifeling_portable_models.lib,
U5,U5D,TLV7044PWR,14,OUTD_14,S3,OUT,LIF_TLV7041_OD,1,OUT,models/portable/lifeling_portable_models.lib,
U5,U5D,TLV7044PWR,12,IND+_12,T4,IN+,LIF_TLV7041_OD,3,IN+,models/portable/lifeling_portable_models.lib,
U5,U5D,TLV7044PWR,13,IND−_13,Vsel,IN-,LIF_TLV7041_OD,4,IN-,models/portable/lifeling_portable_models.lib,
U5,U5D,TLV7044PWR,11,VEE_11,GNDREF,V-,LIF_TLV7041_OD,2,V-,models/portable/lifeling_portable_models.lib,
U5,U5D,TLV7044PWR,4,VCC_4,VDD,V+,LIF_TLV7041_OD,5,V+,models/portable/lifeling_portable_models.lib,
U6,U6A,TLV7044PWR,1,OUTA_1,Peak_Window,OUT,LIF_TLV7041_OD,1,OUT,models/portable/lifeling_portable_models.lib,
U6,U6A,TLV7044PWR,3,INA+_3,Spike_Pulse,IN+,LIF_TLV7041_OD,3,IN+,models/portable/lifeling_portable_models.lib,
U6,U6A,TLV7044PWR,2,INA-_2,V_Threshold,IN-,LIF_TLV7041_OD,4,IN-,models/portable/lifeling_portable_models.lib,
U6,U6A,TLV7044PWR,11,VEE_11,GNDREF,V-,LIF_TLV7041_OD,2,V-,models/portable/lifeling_portable_models.lib,
U6,U6A,TLV7044PWR,4,VCC_4,VDD,V+,LIF_TLV7041_OD,5,V+,models/portable/lifeling_portable_models.lib,
U6,U6B,TLV7044PWR,7,OUTB_7,unconnected-(U6B-OUTB-Pad7),OUT,LIF_TLV7041_OD,1,OUT,models/portable/lifeling_portable_models.lib,
U6,U6B,TLV7044PWR,5,INB+_5,VDD,IN+,LIF_TLV7041_OD,3,IN+,models/portable/lifeling_portable_models.lib,
U6,U6B,TLV7044PWR,6,INB-_6,GNDREF,IN-,LIF_TLV7041_OD,4,IN-,models/portable/lifeling_portable_models.lib,
U6,U6B,TLV7044PWR,11,VEE_11,GNDREF,V-,LIF_TLV7041_OD,2,V-,models/portable/lifeling_portable_models.lib,
U6,U6B,TLV7044PWR,4,VCC_4,VDD,V+,LIF_TLV7041_OD,5,V+,models/portable/lifeling_portable_models.lib,
U6,U6C,TLV7044PWR,8,OUTC_8,Reset_Window,OUT,LIF_TLV7041_OD,1,OUT,models/portable/lifeling_portable_models.lib,
U6,U6C,TLV7044PWR,10,INC+_10,Net-(U6C-INC+),IN+,LIF_TLV7041_OD,3,IN+,models/portable/lifeling_portable_models.lib,
U6,U6C,TLV7044PWR,9,INC-_9,Net-(U6C-INC-),IN-,LIF_TLV7041_OD,4,IN-,models/portable/lifeling_portable_models.lib,
U6,U6C,TLV7044PWR,11,VEE_11,GNDREF,V-,LIF_TLV7041_OD,2,V-,models/portable/lifeling_portable_models.lib,
U6,U6C,TLV7044PWR,4,VCC_4,VDD,V+,LIF_TLV7041_OD,5,V+,models/portable/lifeling_portable_models.lib,
U6,U6D,TLV7044PWR,14,OUTD_14,/AP_Gate,OUT,LIF_TLV7041_OD,1,OUT,models/portable/lifeling_portable_models.lib,
U6,U6D,TLV7044PWR,12,IND+_12,V_Threshold,IN+,LIF_TLV7041_OD,3,IN+,models/portable/lifeling_portable_models.lib,
U6,U6D,TLV7044PWR,13,IND−_13,Vm_Int,IN-,LIF_TLV7041_OD,4,IN-,models/portable/lifeling_portable_models.lib,
U6,U6D,TLV7044PWR,11,VEE_11,GNDREF,V-,LIF_TLV7041_OD,2,V-,models/portable/lifeling_portable_models.lib,
U6,U6D,TLV7044PWR,4,VCC_4,VDD,V+,LIF_TLV7041_OD,5,V+,models/portable/lifeling_portable_models.lib,
U7,U7,TPS610995DRVR,1,GND_1,GNDREF,GND,LIF_TPS610995_SWITCHING,1,GND,models/portable/lifeling_portable_models.lib,
U7,U7,TPS610995DRVR,2,VOUT_2,Net-(U7-VOUT),VOUT,LIF_TPS610995_SWITCHING,2,VOUT,models/portable/lifeling_portable_models.lib,
U7,U7,TPS610995DRVR,3,FB_3,GNDREF,FB,LIF_TPS610995_SWITCHING,3,FB,models/portable/lifeling_portable_models.lib,
U7,U7,TPS610995DRVR,4,EN_4,VDD,EN,LIF_TPS610995_SWITCHING,4,EN,models/portable/lifeling_portable_models.lib,
U7,U7,TPS610995DRVR,5,SW_5,Net-(U7-SW),SW,LIF_TPS610995_SWITCHING,5,SW,models/portable/lifeling_portable_models.lib,
U7,U7,TPS610995DRVR,6,VIN_6,VDD,VIN,LIF_TPS610995_SWITCHING,6,VIN,models/portable/lifeling_portable_models.lib,
U7,U7,TPS610995DRVR,7,PowerPad_7,GNDREF,PowerPad,LIF_TPS610995_SWITCHING,package-only,PowerPad,models/portable/lifeling_portable_models.lib,Pad 7 is tied to package ground outside the six-terminal wrapper
U8,U8,TLV9001IDBVR,3,IN+_3,Vm_Display_In,IN+,LIF_TLV9001,1,IN+,models/portable/lifeling_portable_models.lib,
U8,U8,TLV9001IDBVR,4,IN-_4,Vm_FB,IN-,LIF_TLV9001,2,IN-,models/portable/lifeling_portable_models.lib,
U8,U8,TLV9001IDBVR,5,V+_5,V_Boost,V+,LIF_TLV9001,3,V+,models/portable/lifeling_portable_models.lib,
U8,U8,TLV9001IDBVR,2,V-_2,GNDREF,V-,LIF_TLV9001,4,V-,models/portable/lifeling_portable_models.lib,
U8,U8,TLV9001IDBVR,1,OUT_1,Vm_Out_DRV,OUT,LIF_TLV9001,5,OUT,models/portable/lifeling_portable_models.lib,
U9,U9,TS5A3166DCKR,1,NO_1,Net-(U9-NO),NO,LIF_TS5A3166,1,NO,models/portable/lifeling_portable_models.lib,
U9,U9,TS5A3166DCKR,2,COM_2,Vm_Int,COM,LIF_TS5A3166,2,COM,models/portable/lifeling_portable_models.lib,
U9,U9,TS5A3166DCKR,3,GND_3,GNDREF,GND,LIF_TS5A3166,3,GND,models/portable/lifeling_portable_models.lib,
U9,U9,TS5A3166DCKR,4,IN_4,S0,IN,LIF_TS5A3166,4,IN,models/portable/lifeling_portable_models.lib,
U9,U9,TS5A3166DCKR,5,V+_5,VDD,V+,LIF_TS5A3166,5,V+,models/portable/lifeling_portable_models.lib,
U10,U10,TS5A3166DCKR,1,NO_1,Net-(U10-NO),NO,LIF_TS5A3166,1,NO,models/portable/lifeling_portable_models.lib,
U10,U10,TS5A3166DCKR,2,COM_2,Vm_Int,COM,LIF_TS5A3166,2,COM,models/portable/lifeling_portable_models.lib,
U10,U10,TS5A3166DCKR,3,GND_3,GNDREF,GND,LIF_TS5A3166,3,GND,models/portable/lifeling_portable_models.lib,
U10,U10,TS5A3166DCKR,4,IN_4,S1,IN,LIF_TS5A3166,4,IN,models/portable/lifeling_portable_models.lib,
U10,U10,TS5A3166DCKR,5,V+_5,VDD,V+,LIF_TS5A3166,5,V+,models/portable/lifeling_portable_models.lib,
U11,U11,TS5A3166DCKR,1,NO_1,Net-(U11-NO),NO,LIF_TS5A3166,1,NO,models/portable/lifeling_portable_models.lib,
U11,U11,TS5A3166DCKR,2,COM_2,Vm_Int,COM,LIF_TS5A3166,2,COM,models/portable/lifeling_portable_models.lib,
U11,U11,TS5A3166DCKR,3,GND_3,GNDREF,GND,LIF_TS5A3166,3,GND,models/portable/lifeling_portable_models.lib,
U11,U11,TS5A3166DCKR,4,IN_4,S2,IN,LIF_TS5A3166,4,IN,models/portable/lifeling_portable_models.lib,
U11,U11,TS5A3166DCKR,5,V+_5,VDD,V+,LIF_TS5A3166,5,V+,models/portable/lifeling_portable_models.lib,
U12,U12,TS5A3166DCKR,1,NO_1,Net-(U12-NO),NO,LIF_TS5A3166,1,NO,models/portable/lifeling_portable_models.lib,
U12,U12,TS5A3166DCKR,2,COM_2,Vm_Int,COM,LIF_TS5A3166,2,COM,models/portable/lifeling_portable_models.lib,
U12,U12,TS5A3166DCKR,3,GND_3,GNDREF,GND,LIF_TS5A3166,3,GND,models/portable/lifeling_portable_models.lib,
U12,U12,TS5A3166DCKR,4,IN_4,S3,IN,LIF_TS5A3166,4,IN,models/portable/lifeling_portable_models.lib,
U12,U12,TS5A3166DCKR,5,V+_5,VDD,V+,LIF_TS5A3166,5,V+,models/portable/lifeling_portable_models.lib,
U13,U13,TS5A3166DCKR,1,NO_1,Net-(U13-NO),NO,LIF_TS5A3166,1,NO,models/portable/lifeling_portable_models.lib,
U13,U13,TS5A3166DCKR,2,COM_2,Vm_Int,COM,LIF_TS5A3166,2,COM,models/portable/lifeling_portable_models.lib,
U13,U13,TS5A3166DCKR,3,GND_3,GNDREF,GND,LIF_TS5A3166,3,GND,models/portable/lifeling_portable_models.lib,
U13,U13,TS5A3166DCKR,4,IN_4,S4,IN,LIF_TS5A3166,4,IN,models/portable/lifeling_portable_models.lib,
U13,U13,TS5A3166DCKR,5,V+_5,VDD,V+,LIF_TS5A3166,5,V+,models/portable/lifeling_portable_models.lib,
U14,U14,TS5A3166DCKR,1,NO_1,Net-(U14-NO),NO,LIF_TS5A3166,1,NO,models/portable/lifeling_portable_models.lib,
U14,U14,TS5A3166DCKR,2,COM_2,Vm_Int,COM,LIF_TS5A3166,2,COM,models/portable/lifeling_portable_models.lib,
U14,U14,TS5A3166DCKR,3,GND_3,GNDREF,GND,LIF_TS5A3166,3,GND,models/portable/lifeling_portable_models.lib,
U14,U14,TS5A3166DCKR,4,IN_4,Peak_Window,IN,LIF_TS5A3166,4,IN,models/portable/lifeling_portable_models.lib,
U14,U14,TS5A3166DCKR,5,V+_5,VDD,V+,LIF_TS5A3166,5,V+,models/portable/lifeling_portable_models.lib,
U15,U15,TS5A3166DCKR,1,NO_1,Net-(U15-NO),NO,LIF_TS5A3166,1,NO,models/portable/lifeling_portable_models.lib,
U15,U15,TS5A3166DCKR,2,COM_2,V_Syn1_Set,COM,LIF_TS5A3166,2,COM,models/portable/lifeling_portable_models.lib,
U15,U15,TS5A3166DCKR,3,GND_3,GNDREF,GND,LIF_TS5A3166,3,GND,models/portable/lifeling_portable_models.lib,
U15,U15,TS5A3166DCKR,4,IN_4,Net-(U15-IN),IN,LIF_TS5A3166,4,IN,models/portable/lifeling_portable_models.lib,
U15,U15,TS5A3166DCKR,5,V+_5,VDD,V+,LIF_TS5A3166,5,V+,models/portable/lifeling_portable_models.lib,
U16,U16,TS5A3166DCKR,1,NO_1,Net-(U16-NO),NO,LIF_TS5A3166,1,NO,models/portable/lifeling_portable_models.lib,
U16,U16,TS5A3166DCKR,2,COM_2,V_Syn2_Set,COM,LIF_TS5A3166,2,COM,models/portable/lifeling_portable_models.lib,
U16,U16,TS5A3166DCKR,3,GND_3,GNDREF,GND,LIF_TS5A3166,3,GND,models/portable/lifeling_portable_models.lib,
U16,U16,TS5A3166DCKR,4,IN_4,Net-(U16-IN),IN,LIF_TS5A3166,4,IN,models/portable/lifeling_portable_models.lib,
U16,U16,TS5A3166DCKR,5,V+_5,VDD,V+,LIF_TS5A3166,5,V+,models/portable/lifeling_portable_models.lib,
U17,U17,TS5A3166DCKR,1,NO_1,Net-(U17-NO),NO,LIF_TS5A3166,1,NO,models/portable/lifeling_portable_models.lib,
U17,U17,TS5A3166DCKR,2,COM_2,V_Syn3_Set,COM,LIF_TS5A3166,2,COM,models/portable/lifeling_portable_models.lib,
U17,U17,TS5A3166DCKR,3,GND_3,GNDREF,GND,LIF_TS5A3166,3,GND,models/portable/lifeling_portable_models.lib,
U17,U17,TS5A3166DCKR,4,IN_4,Net-(U17-IN),IN,LIF_TS5A3166,4,IN,models/portable/lifeling_portable_models.lib,
U17,U17,TS5A3166DCKR,5,V+_5,VDD,V+,LIF_TS5A3166,5,V+,models/portable/lifeling_portable_models.lib,
U18,U18,TS5A3166DCKR,1,NO_1,Net-(U18-NO),NO,LIF_TS5A3166,1,NO,models/portable/lifeling_portable_models.lib,
U18,U18,TS5A3166DCKR,2,COM_2,V_Syn4_Set,COM,LIF_TS5A3166,2,COM,models/portable/lifeling_portable_models.lib,
U18,U18,TS5A3166DCKR,3,GND_3,GNDREF,GND,LIF_TS5A3166,3,GND,models/portable/lifeling_portable_models.lib,
U18,U18,TS5A3166DCKR,4,IN_4,Net-(U18-IN),IN,LIF_TS5A3166,4,IN,models/portable/lifeling_portable_models.lib,
U18,U18,TS5A3166DCKR,5,V+_5,VDD,V+,LIF_TS5A3166,5,V+,models/portable/lifeling_portable_models.lib,
U19,U19,TLV7031DCKR,1,OUT_1,Net-(U19-OUT),OUT,LIF_TLV7031_PP,1,OUT,models/portable/lifeling_portable_models.lib,
U19,U19,TLV7031DCKR,2,GND_2,GNDREF,V-,LIF_TLV7031_PP,2,V-,models/portable/lifeling_portable_models.lib,
U19,U19,TLV7031DCKR,3,IN+_3,Peak_Window,IN+,LIF_TLV7031_PP,3,IN+,models/portable/lifeling_portable_models.lib,
U19,U19,TLV7031DCKR,4,IN-_4,V_Logic_Mid,IN-,LIF_TLV7031_PP,4,IN-,models/portable/lifeling_portable_models.lib,
U19,U19,TLV7031DCKR,5,VCC_5,VDD,V+,LIF_TLV7031_PP,5,V+,models/portable/lifeling_portable_models.lib,
U20,U20,TS5A3166DCKR,1,NO_1,Net-(U20-NO),NO,LIF_TS5A3166,1,NO,models/portable/lifeling_portable_models.lib,
U20,U20,TS5A3166DCKR,2,COM_2,Vm_Display_In,COM,LIF_TS5A3166,2,COM,models/portable/lifeling_portable_models.lib,
U20,U20,TS5A3166DCKR,3,GND_3,GNDREF,GND,LIF_TS5A3166,3,GND,models/portable/lifeling_portable_models.lib,
U20,U20,TS5A3166DCKR,4,IN_4,Peak_Window,IN,LIF_TS5A3166,4,IN,models/portable/lifeling_portable_models.lib,
U20,U20,TS5A3166DCKR,5,V+_5,VDD,V+,LIF_TS5A3166,5,V+,models/portable/lifeling_portable_models.lib,
U21,U21,REF3020AIDBZR,1,IN_1,VDD,VIN,LIF_REF3020,1,VIN,models/portable/lifeling_portable_models.lib,Vendor TINA declaration remains gated
U21,U21,REF3020AIDBZR,2,OUT_2,VREF_2V048,VOUT,LIF_REF3020,2,VOUT,models/portable/lifeling_portable_models.lib,Vendor TINA declaration remains gated
U21,U21,REF3020AIDBZR,3,GND_3,GNDREF,GND,LIF_REF3020,3,GND,models/portable/lifeling_portable_models.lib,Vendor TINA declaration remains gated
U22,U22,TLV9001IDBVR,3,IN+_3,VREF_1V024_RAW,IN+,LIF_TLV9001,1,IN+,models/portable/lifeling_portable_models.lib,
U22,U22,TLV9001IDBVR,4,IN-_4,VREF_1V024,IN-,LIF_TLV9001,2,IN-,models/portable/lifeling_portable_models.lib,
U22,U22,TLV9001IDBVR,5,V+_5,VDD,V+,LIF_TLV9001,3,V+,models/portable/lifeling_portable_models.lib,
U22,U22,TLV9001IDBVR,2,V-_2,GNDREF,V-,LIF_TLV9001,4,V-,models/portable/lifeling_portable_models.lib,
U22,U22,TLV9001IDBVR,1,OUT_1,VREF_1V024,OUT,LIF_TLV9001,5,OUT,models/portable/lifeling_portable_models.lib,
U23,U23,TLV9041IDBVR,3,IN+_3,Net-(U23-IN+),IN+,LIF_TLV9041,1,IN+,models/portable/lifeling_portable_models.lib,
U23,U23,TLV9041IDBVR,4,IN-_4,Net-(U23-IN-),IN-,LIF_TLV9041,2,IN-,models/portable/lifeling_portable_models.lib,
U23,U23,TLV9041IDBVR,5,V+_5,VDD,V+,LIF_TLV9041,3,V+,models/portable/lifeling_portable_models.lib,
U23,U23,TLV9041IDBVR,2,V-_2,GNDREF,V-,LIF_TLV9041,4,V-,models/portable/lifeling_portable_models.lib,
U23,U23,TLV9041IDBVR,1,OUT_1,V_Stim_Drive,OUT,LIF_TLV9041,5,OUT,models/portable/lifeling_portable_models.lib,
